{
  "score_a": 0.0,
  "score_b": 0.9963833634719711,
  "detailed_metrics": {
    "accuracy": 0.9963833634719711,
    "precision": 0.9736842105263158,
    "recall": 1.0,
    "f1_score": 0.9866666666666667,
    "specificity": 0.9958246346555324,
    "false_positive_rate": 0.0041753653444676405,
    "false_negative_rate": 0.0,
    "true_positives": 74,
    "true_negatives": 477,
    "false_positives": 2,
    "false_negatives": 0,
    "total_samples": 553
  },
  "dataset_type": "testing",
  "evaluation_timestamp": "2025-07-29T16:16:25.452325"
}